Category,Task Name,Priority,Status,Assignee,Due Date
Technical SEO,Set up Google Search Console & Bing Webmaster Tools,High,Not Started,,
Technical SEO,Set up Google Analytics,High,Not Started,,
Technical SEO,Create and submit an XML sitemap,High,Not Started,,
Technical SEO,Create a robots.txt file,Medium,Not Started,,
Technical SEO,Check for crawl errors in GSC,High,Not Started,,
Technical SEO,Ensure site is mobile-friendly,High,Not Started,,
Technical SEO,Optimize site speed (Core Web Vitals),High,Not Started,,
Technical SEO,Fix broken internal and external links,Medium,Not Started,,
Technical SEO,Implement HTTPS (SSL certificate),High,Not Started,,
On-Page SEO,Conduct keyword research for target pages,High,Not Started,,
On-Page SEO,Optimize title tags and meta descriptions,High,Not Started,,
On-Page SEO,"Use target keywords in H1, H2, and H3 tags",High,Not Started,,
On-Page SEO,Optimize image alt text and file names,Medium,Not Started,,
On-Page SEO,Ensure URL structures are SEO-friendly,Medium,Not Started,,
On-Page SEO,Add internal links to relevant content,Medium,Not Started,,
On-Page SEO,"Create high-quality, engaging content",High,Not Started,,
Off-Page SEO,Analyze competitor backlink profiles,Medium,Not Started,,
Off-Page SEO,"Build high-quality backlinks (guest posting, etc.)",High,Not Started,,
Off-Page SEO,Set up and optimize Google Business Profile,High,Not Started,,
Off-Page SEO,Engage in social media promotion,Low,Not Started,,
Off-Page SEO,Monitor brand mentions and acquire links,Medium,Not Started,,
